Feature,Importance
num__EXT_SOURCE_2,0.1946949200726863
num__EXT_SOURCE_3,0.1932988071039653
num__DAYS_BIRTH,0.052704690437682805
num__DAYS_EMPLOYED,0.05183088641817195
num__DAYS_LAST_PHONE_CHANGE,0.037196121071584626
num__AMT_CREDIT,0.03282811177946205
num__DAYS_ID_PUBLISH,0.030521663071110657
cat__NAME_EDUCATION_TYPE_Higher education,0.02787291692680983
num__AMT_ANNUITY,0.025552597336333097
num__DAYS_REGISTRATION,0.02450347867002599
num__REGION_POPULATION_RELATIVE,0.021095015368045637
cat__CODE_GENDER_F,0.018371941443105597
num__AMT_INCOME_TOTAL,0.01615892876115794
cat__CODE_GENDER_M,0.015666231080637034
cat__NAME_EDUCATION_TYPE_Secondary / secondary special,0.015433480077183741
cat__NAME_INCOME_TYPE_Working,0.014468784488680102
num__REGION_RATING_CLIENT,0.01394577921277751
num__HOUR_APPR_PROCESS_START,0.012217711352495449
num__FLAG_DOCUMENT_3,0.01145619725280761
num__REG_CITY_NOT_WORK_CITY,0.008833531123876373
cat__ORGANIZATION_TYPE_XNA,0.008768263196404783
num__AMT_REQ_CREDIT_BUREAU_YEAR,0.008225480850584053
num__OBS_30_CNT_SOCIAL_CIRCLE,0.0076096495616876795
cat__NAME_INCOME_TYPE_Pensioner,0.00702808867175198
cat__NAME_CONTRACT_TYPE_Revolving loans,0.0069341211525881415
num__REG_CITY_NOT_LIVE_CITY,0.006918418183357939
cat__FLAG_OWN_CAR_N,0.006621315833801203
cat__NAME_CONTRACT_TYPE_Cash loans,0.006569620978239792
cat__FLAG_OWN_CAR_Y,0.006522974442684901
cat__NAME_FAMILY_STATUS_Married,0.005736535730670832
num__CNT_FAM_MEMBERS,0.005329491338862988
num__DEF_30_CNT_SOCIAL_CIRCLE,0.0044575093879816174
num__DEF_60_CNT_SOCIAL_CIRCLE,0.004159549620648139
num__CNT_CHILDREN,0.0039056307420369685
num__FLAG_PHONE,0.0033576247195377575
num__AMT_REQ_CREDIT_BUREAU_QRT,0.003272391266336839
num__LIVE_CITY_NOT_WORK_CITY,0.003093338211132945
cat__NAME_FAMILY_STATUS_Single / not married,0.002923115610180139
num__FLAG_WORK_PHONE,0.002918132488650294
num__AMT_REQ_CREDIT_BUREAU_MON,0.002887725729907963
cat__OCCUPATION_TYPE_Sales staff,0.0024273008564030317
cat__ORGANIZATION_TYPE_Self-employed,0.0023975574439878107
cat__NAME_HOUSING_TYPE_House / apartment,0.0023140966458532045
cat__NAME_INCOME_TYPE_Commercial associate,0.0023006790034608886
cat__OCCUPATION_TYPE_Drivers,0.002288314886833294
cat__OCCUPATION_TYPE_Core staff,0.002255686292544512
cat__OCCUPATION_TYPE_Laborers,0.0021839628646856107
cat__NAME_INCOME_TYPE_State servant,0.002162277844825118
cat__ORGANIZATION_TYPE_Business Entity Type 3,0.002127473747399551
cat__FLAG_OWN_REALTY_N,0.002108787240119814
cat__OCCUPATION_TYPE_Accountants,0.002033801545267859
cat__FLAG_OWN_REALTY_Y,0.002014655674803688
cat__NAME_TYPE_SUITE_Unaccompanied,0.0019755845060394125
cat__NAME_FAMILY_STATUS_Civil marriage,0.0018571163154433655
num__FLAG_DOCUMENT_8,0.001829677783391531
cat__WEEKDAY_APPR_PROCESS_START_WEDNESDAY,0.0017217677079521562
cat__WEEKDAY_APPR_PROCESS_START_THURSDAY,0.001692335929487598
cat__WEEKDAY_APPR_PROCESS_START_TUESDAY,0.0016865078989613935
num__FLAG_DOCUMENT_6,0.001605328829534447
cat__WEEKDAY_APPR_PROCESS_START_MONDAY,0.0015780550000497448
cat__WEEKDAY_APPR_PROCESS_START_FRIDAY,0.0015502178967469096
cat__NAME_TYPE_SUITE_Family,0.001510879294665152
cat__NAME_HOUSING_TYPE_With parents,0.0015074968477243637
cat__OCCUPATION_TYPE_Managers,0.0014012631697631719
cat__WEEKDAY_APPR_PROCESS_START_SATURDAY,0.0012957690530702051
cat__OCCUPATION_TYPE_High skill tech staff,0.0011869003860899739
cat__NAME_FAMILY_STATUS_Widow,0.001184403641071928
cat__NAME_FAMILY_STATUS_Separated,0.0010753455007341342
cat__NAME_EDUCATION_TYPE_Lower secondary,0.000935328814424701
cat__NAME_EDUCATION_TYPE_Incomplete higher,0.0009240072288443697
cat__ORGANIZATION_TYPE_School,0.0009234457061101684
cat__ORGANIZATION_TYPE_Construction,0.0009064628542285638
num__FLAG_EMAIL,0.0008951759371155453
cat__WEEKDAY_APPR_PROCESS_START_SUNDAY,0.0008797336824904927
cat__ORGANIZATION_TYPE_Other,0.0008792311421523917
num__REG_REGION_NOT_WORK_REGION,0.0007832577859038612
cat__NAME_HOUSING_TYPE_Municipal apartment,0.0007201667093749849
cat__ORGANIZATION_TYPE_Government,0.0007042197254514686
cat__ORGANIZATION_TYPE_Medicine,0.0006794594211975576
"cat__NAME_TYPE_SUITE_Spouse, partner",0.0006331530186086124
num__LIVE_REGION_NOT_WORK_REGION,0.0006017498940049724
cat__OCCUPATION_TYPE_Low-skill Laborers,0.0006007241360286864
num__AMT_REQ_CREDIT_BUREAU_WEEK,0.0005449732068227316
cat__NAME_HOUSING_TYPE_Rented apartment,0.0005253795311986987
cat__ORGANIZATION_TYPE_Kindergarten,0.0005164248181595959
cat__ORGANIZATION_TYPE_Business Entity Type 2,0.0005047126419735494
cat__OCCUPATION_TYPE_Security staff,0.0004994317002279633
cat__OCCUPATION_TYPE_Medicine staff,0.0004743447751444951
num__FLAG_DOCUMENT_16,0.00043471046570421975
cat__ORGANIZATION_TYPE_Business Entity Type 1,0.00041866515001554055
cat__ORGANIZATION_TYPE_Trade: type 7,0.00039465753545820975
cat__ORGANIZATION_TYPE_Transport: type 4,0.00039261684006602936
cat__ORGANIZATION_TYPE_Military,0.0003606356332273667
cat__OCCUPATION_TYPE_Cleaning staff,0.00035394151198868954
cat__ORGANIZATION_TYPE_Industry: type 9,0.00034881548948583765
num__REG_REGION_NOT_LIVE_REGION,0.00032259333727580443
num__FLAG_DOCUMENT_5,0.00030930377206091523
num__FLAG_DOCUMENT_18,0.00030674242357383317
cat__OCCUPATION_TYPE_Cooking staff,0.0003051079173393675
cat__ORGANIZATION_TYPE_Police,0.00029173828392750455
cat__ORGANIZATION_TYPE_Trade: type 2,0.0002698436658235393
cat__ORGANIZATION_TYPE_Trade: type 3,0.00026335088354570007
cat__NAME_HOUSING_TYPE_Office apartment,0.00025467389419379135
cat__ORGANIZATION_TYPE_Transport: type 3,0.0002372109257443029
cat__ORGANIZATION_TYPE_Bank,0.00022061122211911643
num__FLAG_DOCUMENT_13,0.00019041940057969967
cat__ORGANIZATION_TYPE_Security,0.00018872775451695737
cat__NAME_TYPE_SUITE_Children,0.00017950906797327065
cat__ORGANIZATION_TYPE_Security Ministries,0.0001757248728899352
cat__OCCUPATION_TYPE_Private service staff,0.00017034495456274903
cat__ORGANIZATION_TYPE_Agriculture,0.00015173435327577235
cat__ORGANIZATION_TYPE_Industry: type 3,0.00015056931303874198
cat__ORGANIZATION_TYPE_Restaurant,0.00014800913769162205
cat__ORGANIZATION_TYPE_Transport: type 2,0.0001460417210065722
cat__ORGANIZATION_TYPE_Housing,0.00014382576553201504
cat__ORGANIZATION_TYPE_Industry: type 11,0.00013830696600995013
num__AMT_REQ_CREDIT_BUREAU_DAY,0.0001238132688532223
cat__ORGANIZATION_TYPE_Postal,0.00011304566082916549
cat__ORGANIZATION_TYPE_Services,0.00010702120403093423
cat__ORGANIZATION_TYPE_University,0.00010398125094061752
num__FLAG_DOCUMENT_11,9.424057378898913e-05
cat__NAME_TYPE_SUITE_Other_B,8.441365183456174e-05
cat__NAME_HOUSING_TYPE_Co-op apartment,8.129825351994146e-05
cat__ORGANIZATION_TYPE_Industry: type 7,7.842161148901307e-05
num__FLAG_DOCUMENT_14,7.43225801836597e-05
cat__OCCUPATION_TYPE_Waiters/barmen staff,6.608858568841474e-05
cat__ORGANIZATION_TYPE_Hotel,5.506372389826451e-05
cat__OCCUPATION_TYPE_Secretaries,4.773506869821519e-05
num__FLAG_DOCUMENT_9,4.760585455675858e-05
num__AMT_REQ_CREDIT_BUREAU_HOUR,4.429236934600427e-05
cat__ORGANIZATION_TYPE_Trade: type 6,3.657722752300555e-05
cat__ORGANIZATION_TYPE_Industry: type 4,3.0202328224368918e-05
num__FLAG_CONT_MOBILE,2.8003106134151966e-05
cat__NAME_TYPE_SUITE_Other_A,2.6194242555864903e-05
cat__ORGANIZATION_TYPE_Insurance,2.4655268036828772e-05
cat__ORGANIZATION_TYPE_Industry: type 1,2.438540507014111e-05
cat__ORGANIZATION_TYPE_Telecom,2.3258244199906315e-05
cat__ORGANIZATION_TYPE_Electricity,2.316461799931185e-05
cat__ORGANIZATION_TYPE_Industry: type 5,1.386929294331797e-05
cat__OCCUPATION_TYPE_Realty agents,1.3309149547548564e-05
num__FLAG_DOCUMENT_15,1.30846787297825e-05
cat__ORGANIZATION_TYPE_Legal Services,1.1423234344533266e-05
cat__OCCUPATION_TYPE_IT staff,9.983356296849049e-06
cat__ORGANIZATION_TYPE_Emergency,7.276471190534357e-06
cat__ORGANIZATION_TYPE_Mobile,6.2052110572007715e-06
cat__OCCUPATION_TYPE_HR staff,5.780503095623665e-06
cat__ORGANIZATION_TYPE_Realtor,4.440638662288137e-06
num__FLAG_DOCUMENT_21,3.4554096087748832e-06
cat__ORGANIZATION_TYPE_Industry: type 12,3.1700484798709853e-06
cat__ORGANIZATION_TYPE_Culture,2.981392588812532e-06
cat__NAME_TYPE_SUITE_Group of people,2.576358490975061e-06
cat__ORGANIZATION_TYPE_Cleaning,8.30596915718422e-07
num__FLAG_DOCUMENT_20,0.0
num__FLAG_DOCUMENT_4,0.0
num__FLAG_DOCUMENT_7,0.0
num__FLAG_MOBIL,0.0
num__FLAG_DOCUMENT_19,0.0
num__FLAG_DOCUMENT_17,0.0
num__FLAG_DOCUMENT_12,0.0
num__FLAG_DOCUMENT_10,0.0
num__FLAG_DOCUMENT_2,0.0
cat__NAME_INCOME_TYPE_Unemployed,0.0
cat__NAME_EDUCATION_TYPE_Academic degree,0.0
cat__NAME_FAMILY_STATUS_Unknown,0.0
cat__NAME_INCOME_TYPE_Student,0.0
cat__CODE_GENDER_XNA,0.0
cat__NAME_INCOME_TYPE_Businessman,0.0
cat__NAME_INCOME_TYPE_Maternity leave,0.0
cat__ORGANIZATION_TYPE_Advertising,0.0
cat__ORGANIZATION_TYPE_Industry: type 10,0.0
cat__ORGANIZATION_TYPE_Industry: type 13,0.0
cat__ORGANIZATION_TYPE_Industry: type 8,0.0
cat__ORGANIZATION_TYPE_Industry: type 6,0.0
cat__ORGANIZATION_TYPE_Industry: type 2,0.0
cat__ORGANIZATION_TYPE_Religion,0.0
cat__ORGANIZATION_TYPE_Trade: type 5,0.0
cat__ORGANIZATION_TYPE_Trade: type 4,0.0
cat__ORGANIZATION_TYPE_Trade: type 1,0.0
cat__ORGANIZATION_TYPE_Transport: type 1,0.0
